Location,Population,% ofworld,Date,Source (official or fromtheUnited Nations),Notes
World,"8,232,000,000",100%,13 Jun 2025,UN projection[1][3],
India,"1,429,404,000",17.3%,1 Jul 2026,Official projection[4],[b]
China,"1,404,890,000",17.0%,31 Dec 2025,Official estimate[5],[c]
United States,"341,784,857",4.1%,1 Jul 2025,Official estimate[6],[d]
Indonesia,"288,315,089",3.5%,31 Dec 2025,National annual projection[7],
Pakistan,"241,499,431",2.9%,1 Mar 2023,2023 census result[8],[e]
Nigeria,"223,800,000",2.7%,1 Jul 2023,Official projection[9],
Brazil,"213,421,037",2.6%,1 Jul 2025,Official estimate[10],
Bangladesh,"169,828,911",2.1%,14 Jun 2022,2022 census result[11],[f]
Russia,"146,028,325",1.8%,1 Jan 2025,Official estimate[13],[g]
Mexico,"131,150,866",1.6%,31 Mar 2026,National quarterly estimate[14],
Japan,"122,930,000",1.5%,1 Jul 2026,Monthly national estimate[15],
Democratic Republic of the Congo,"116,452,162",1.4%,1 Jul 2026,UN projection[16],
Philippines,"114,849,400",1.4%,1 Jul 2026,Official projection[17],
Ethiopia,"111,652,998",1.4%,1 Jul 2025,National annual projection[18],
Egypt,"108,613,296",1.3%,1 Jan 2026,Official estimate[19],
Vietnam,"102,300,000",1.2%,31 Dec 2025,Official estimate[20],
Iran,"87,134,000",1.1%,21 Mar 2026,Official estimate[21],
Turkey,"86,092,168",1.0%,31 Dec 2025,Official estimate[22],
Germany,"83,467,117",1.0%,31 Dec 2025,National quarterly estimate[23],
Tanzania,"70,038,850",0.8%,1 Jul 2026,Official projection[24],[h]
United Kingdom,"69,487,000",0.8%,30 Jun 2025,Official estimate[25],[i]
France,"69,081,996",0.8%,1 Jan 2026,Yearly national estimate[26],[j]
Thailand,"70,250,751",0.8%,2025,Preliminary census results[27],
South Africa,"63,100,945",0.8%,30 Jun 2025,Official estimate[28],
Italy,"58,940,756",0.7%,31 May 2026,Monthly national estimate[29],
Colombia,"53,399,171",0.6%,1 Jan 2026,Official projection[30],
Kenya,"53,330,978",0.6%,1 Jul 2025,Official projection[31],
Sudan,"53,282,719",0.6%,1 Jul 2026,UN projection[32],
Myanmar,"51,375,327",0.6%,15 Oct 2024,2024 census result[33],[k]
South Korea,"51,097,986",0.6%,2 Jul 2026,Monthly national estimate[35],
Spain,"49,801,559",0.6%,1 Jul 2026,National quarterly estimate[36],
Algeria,"47,400,000",0.6%,1 Jan 2025,National annual projection[37],
Argentina,"46,466,688",0.6%,1 Jul 2026,National annual projection[38],
Iraq,"46,118,793",0.6%,21 Nov 2024,2024 census result[39],
Uganda,"45,905,417",0.6%,10 May 2024,2024 census result[40],
Afghanistan,"43,844,000",0.5%,1 Jul 2025,UN projection[41][42](see note),[l]
Canada,"41,417,056",0.5%,1 Apr 2026,National quarterly estimate[49],
Uzbekistan,"39,047,321",0.5%,15 Jan 2026,2026 census result[50],
Angola,"38,778,554",0.5%,1 Jan 2026,National estimate[51],
Poland,"37,256,000",0.5%,31 May 2026,Monthly national estimate[52],
Morocco,"36,828,330",0.4%,1 Sep 2024,2024 census result[53],[m]
Saudi Arabia,"35,300,280",0.4%,1 Jul 2024,Official estimate[54],
Mozambique,"34,958,973",0.4%,1 Jul 2026,National annual projection[55],
Malaysia,"34,389,400",0.4%,30 Jun 2026,National quarterly estimate[56],
Ghana,"34,378,768",0.4%,1 Jul 2026,National annual projection[57],
Peru,"34,157,732",0.4%,4 Aug 2025,Census 2025[58],
Yemen,"32,684,503",0.4%,1 Jul 2023,Official estimate[59],
Madagascar,"32,658,977",0.4%,1 Jul 2026,National annual projection[60],
Ivory Coast,"32,494,020",0.4%,31 Dec 2025,National annual projection[61],
Nepal,"30,034,040",0.4%,1 Jul 2026,National annual projection[62],
Cameroon,"29,442,327",0.4%,1 Jul 2025,National annual projection[63],
Ukraine,"28,700,000",0.3%,1 Sep 2025,State migration service[64],[n]
Venezuela,"28,633,711",0.3%,1 Jul 2026,UN projection[65],
Australia,"27,801,023",0.3%,31 Dec 2025,Official projection[66],[o]
Niger,"27,522,750",0.3%,1 Jul 2025,National annual projection[67],
Syria,"26,472,497",0.3%,1 Jul 2026,Monthly estimate[68],
North Korea,"25,950,000",0.3%,1 Jul 2024,National annual projection[69],
Burkina Faso,"24,736,828",0.3%,1 Jul 2026,Official projection[70],
Taiwan,"23,235,002",0.3%,31 Jul 2026,Official estimate[71],[p]
Mali,"22,395,489",0.3%,15 Jun 2022,2022 census result[72],
Sri Lanka,"21,781,800",0.3%,19 Dec 2024,2024 census result[73],
Malawi,"21,201,635",0.3%,1 Jul 2026,National annual projection[74],
Kazakhstan,"20,590,589",0.2%,1 Jul 2026,Official estimate[75],
Somalia,"20,305,907",0.2%,1 Jul 2026,UN projection[32],[q]
Chile,"20,150,948",0.2%,30 Jun 2026,National annual projection[76],
Chad,"20,031,602",0.2%,1 Jul 2026,National annual projection[77],
Zambia,"19,693,423",0.2%,8 Sep 2022,2022 census result[78],
Senegal,"19,575,061",0.2%,1 Jul 2026,National annual projection[79],
Romania,"19,036,031",0.2%,1 Jan 2025,Official estimate[80],
Guatemala,"18,312,373",0.2%,1 Jul 2026,National annual projection[81],
Netherlands,"18,153,386",0.2%,30 Jun 2026,Official estimate[82],[r]
Ecuador,"18,103,660",0.2%,1 Jul 2025,National annual projection[83],
Cambodia,"17,816,143",0.2%,1 Jul 2026,Official projection[84],
Guinea,"17,521,167",0.2%,1 Jul 2025,Census July 2025[85],
Zimbabwe,"17,073,087",0.2%,1 Jul 2025,Official projection[86],
South Sudan,"15,786,898",0.2%,1 Jul 2025,National annual projection[87],
Rwanda,"14,418,145",0.2%,1 Jul 2026,National annual projection[88],
Benin,"13,551,992",0.2%,1 Jul 2026,National annual projection[89],
Burundi,"12,332,788",0.1%,16 Aug 2024,Preliminary census result[90],
Tunisia,"11,972,169",0.1%,6 Nov 2024,2024 census result[91],
Jordan,"11,937,000",0.1%,31 Dec 2025,National estimate[92],
Belgium,"11,936,546",0.1%,1 Apr 2026,Official estimate[93],
Haiti,"11,867,032",0.1%,1 Jul 2024,National annual projection[94],
Portugal,"11,424,031",0.1%,31 Dec 2025,Official estimate[95],
Bolivia,"11,365,333",0.1%,23 Mar 2024,2024 census result[96],
United Arab Emirates,"11,294,243",0.1%,31 Dec 2024,Official estimate[97],
Czech Republic,"10,896,003",0.1%,31 Mar 2026,Official estimate[98],
Dominican Republic,"10,771,504",0.1%,10 Nov 2022,2022 census result[99],
Tajikistan,"10,721,000",0.1%,1 Jan 2026,Official estimate[100],
Sweden,"10,608,128",0.1%,31 May 2026,Monthly national estimate[101],
Greece,"10,372,335",0.1%,1 Jan 2025,Official estimate[102],
Azerbaijan,"10,266,627",0.1%,1 Mar 2026,Monthly national estimate[103],
Israel,"10,263,300",0.1%,30 Jun 2026,Monthly national estimate[104],[s]
Honduras,"10,186,738",0.1%,1 Jul 2026,National annual projection[105],
Papua New Guinea,"10,185,363",0.1%,16 Jun 2024,2024 census result[106],
Hungary,"9,488,428",0.1%,1 Jan 2026,Official estimate[107],
Cuba,"9,434,593",0.1%,31 Dec 2025,Official estimate[108],
Sierra Leone,"9,270,700",0.1%,1 Jul 2026,National annual projection[109],
Austria,"9,217,573",0.1%,1 Jul 2026,National quarterly estimate[110],
Switzerland,"9,139,676",0.1%,31 Mar 2026,National quarterly estimate[111],
Belarus,"9,056,080",0.1%,1 Jan 2026,Official estimate[112],
Togo,"8,095,498",0.10%,8 Nov 2022,2022 census result[113],
Laos,"7,745,000",0.09%,1 Jul 2025,National annual projection[114],
Libya,"7,539,852",0.09%,1 Jul 2026,UN projection[115],
Hong Kong(China),"7,510,800",0.09%,31 Dec 2025,National estimate[116],
Kyrgyzstan,"7,404,300",0.09%,1 Jan 2026,Monthly national estimate[117],
Turkmenistan,"7,057,841",0.09%,17 Dec 2022,2022 census result[118],
Nicaragua,"6,874,748",0.08%,30 Jun 2024,Official estimate[119],
Serbia,"6,532,019",0.08%,1 Jan 2026,Official estimate[120],[t]
Central African Republic,"6,470,307",0.08%,1 Jul 2024,National annual projection[121],
Bulgaria,"6,423,207",0.08%,31 Dec 2025,Official estimate[122],
Republic of the Congo,"6,142,180",0.07%,17 May 2023,2023 census result[123],
Singapore,"6,110,200",0.07%,30 Jun 2025,National annual projection[124],
Paraguay,"6,109,644",0.07%,9 Nov 2022,2022 census result[125],
Denmark,"6,031,699",0.07%,1 Jul 2026,Monthly national estimate[126],[u]
El Salvador,"6,029,976",0.07%,2 May 2024,2024 census result[127],
Lebanon,"5,895,466",0.07%,2026,Official estimate[128],
Finland,"5,652,897",0.07%,30 Jun 2026,Monthly national estimate[129],[v]
Norway,"5,633,770",0.07%,31 Mar 2026,National quarterly estimate[130],[w]
Palestine,"5,557,096",0.07%,31 Dec 2025,National annual projection[131],[x]
Ireland,"5,458,600",0.07%,1 Apr 2025,National estimate[132],
Slovakia,"5,405,368",0.07%,31 Mar 2026,National quarterly estimate[133],
Oman,"5,398,645",0.07%,30 Jun 2026,Monthly national estimate[134],
New Zealand,"5,361,300",0.06%,31 Mar 2026,National quarterly estimate[135],[y]
Liberia,"5,248,621",0.06%,10 Nov 2022,2022 census result[136],
Costa Rica,"5,217,296",0.06%,30 Jun 2026,National annual projection[137],
Mauritania,"4,927,532",0.06%,25 Dec 2023,2023 census result[138],
Kuwait,"4,881,254",0.06%,1 Jan 2025,Official estimate[139],
Panama,"4,064,780",0.05%,1 Jul 2026,2023 census result[140],
Georgia,"3,941,100",0.05%,1 Jan 2026,Official estimate[141],[z]
Croatia,"3,866,233",0.05%,1 Jul 2024,Official estimate[142],
Eritrea,"3,682,669",0.04%,1 Jul 2026,UN projection[115](see note),[aa]
Mongolia,"3,591,120",0.04%,31 Dec 2025,National annual projection[149],
Uruguay,"3,480,601",0.04%,30 Jun 2026,National annual projection[150],
Bosnia and Herzegovina,"3,412,000",0.04%,1 Jul 2024,Official estimate[151],
Qatar,"3,370,611",0.04%,31 Mar 2026,Monthly national estimate[152],
Puerto Rico(US),"3,184,835",0.04%,1 Jul 2025,Annual projection[153],
Armenia,"3,096,900",0.04%,1 Jan 2025,Official estimate[154],
Namibia,"3,022,401",0.04%,24 Sep 2023,2023 Census[155],
Lithuania,"2,886,179",0.03%,1 Jul 2026,Monthly national estimate[156],
Jamaica,"2,774,538",0.03%,12 Sep 2022,2022 census result[157],
Gabon,"2,469,296",0.03%,1 Jul 2025,National annual projection[158],
Gambia,"2,422,712",0.03%,1 May 2024,Preliminary census results[159],
Moldova,"2,365,600",0.03%,1 Jan 2026,Official estimate[160],[ab]
Botswana,"2,359,609",0.03%,18 Mar 2022,2022 census result[161],
Albania,"2,335,930",0.03%,1 Jan 2026,Official estimate[162],
Slovenia,"2,136,385",0.03%,1 Apr 2026,National quarterly estimate[163],
Lesotho,"2,116,427",0.03%,2024,Official survey[164],
Guinea-Bissau,"1,890,252",0.02%,1 Jul 2026,National annual projection[165][dubious–discuss],
Latvia,"1,832,100",0.02%,1 Jul 2026,Monthly national estimate[166],
North Macedonia,"1,819,074",0.02%,31 Dec 2025,Official estimate[167],
Equatorial Guinea,"1,668,768",0.02%,1 Jul 2024,Official estimate[168],
Bahrain,"1,603,260",0.02%,30 Jun 2025,Official estimate[169],
Kosovo,"1,585,566",0.02%,4 Apr 2024,2024 national census[170],
Timor-Leste,"1,409,452",0.02%,1 Jul 2026,National annual projection[171],
Trinidad and Tobago,"1,367,764",0.02%,30 Jun 2025,Official estimate[172],
Estonia,"1,360,745",0.02%,1 Jan 2026,Official estimate[173],
Mauritius,"1,241,856",0.02%,31 Dec 2025,National estimate[174],
Eswatini,"1,235,549",0.01%,1 Jul 2024,Official projection[175],
Djibouti,"1,066,809",0.01%,20 May 2024,2024 census result[176],
Cyprus,"983,000",0.01%,31 Dec 2024,Official estimate[177],[ac]
Guyana,"956,044",0.01%,31 Dec 2024,Official estimate[178],
Comoros,"944,388",0.01%,2026,Official estimate[179],
Fiji,"902,623",0.01%,1 Jan 2026,National annual projection[180],
Bhutan,"784,043",0.009%,2025,National annual projection[181],
Solomon Islands,"750,325",0.009%,1 Jul 2024,National annual projection[182],
Luxembourg,"690,959",0.008%,1 Jan 2026,Official estimate[183],
Macau(China),"686,500",0.008%,30 Jun 2026,National quarterly estimate[184],
Montenegro,"622,902",0.008%,1 Jan 2026,Official estimate[185],
Suriname,"616,500",0.007%,1 Jul 2021,Official estimate[186],
Western Sahara(disputed),"610,813",0.007%,1 Jul 2026,UN projection[115],
Malta,"588,254",0.007%,31 Dec 2025,Official estimate[187],
Maldives,"515,132",0.006%,13 Sep 2022,2022 census result[188],
Cape Verde,"491,233",0.006%,16 Jun 2021,2021 census result[189],
Northern Cyprus,"476,214",0.006%,31 Dec 2023,Official projection[190],[ad]
Brunei,"458,600",0.006%,1 Jul 2025,Official estimate[191],
Belize,"418,982",0.005%,1 Jul 2026,Official estimate[192],
Bahamas,"398,165",0.005%,4 Apr 2022,2022 census result[193],
Iceland,"396,500",0.005%,1 Jul 2026,National quarterly estimate[194],
Transnistria,"367,776",0.004%,31 Mar 2024,Official estimate[195],[ae]
Vanuatu,"321,409",0.004%,1 Jul 2024,National annual projection[196],
French Polynesia(France),"279,500",0.003%,31 Dec 2024,National annual projection[197],
New Caledonia(France),"264,596",0.003%,1 Jan 2025,National annual projection[198],
Barbados,"261,692",0.003%,31 Dec 2025,Official estimate[199],
Abkhazia,"244,236",0.003%,1 Jan 2022,Official estimate[200],[af]
São Tomé and Príncipe,"209,607",0.003%,2024,Preliminary census result[201],
Samoa,"205,557",0.002%,6 Nov 2021,2021 Census[202],
Saint Lucia,"184,100",0.002%,1 Jul 2023,Official estimate[203],
Curaçao(Netherlands),"156,115",0.002%,1 Jan 2025,Official estimate[204],
Guam(US),"153,836",0.002%,1 Apr 2020,2020 census result[205],
Seychelles,"123,097",0.001%,31 Dec 2025,Official estimate[206],
Kiribati,"120,740",0.001%,1 Jul 2021,National annual projection[196],
Aruba(Netherlands),"110,625",0.001%,31 Dec 2025,Official estimate[207],
Saint Vincent and the Grenadines,"109,296",0.001%,15 Jun 2023,2023 census result[208],
Grenada,"109,021",0.001%,2021,Preliminary Census results[209],
Antigua and Barbuda,"103,603",0.001%,1 Jan 2024,Official estimate[210],
Jersey(UK),"103,267",0.001%,21 Mar 2021,2021 census result[211],
Tonga,"100,179",0.001%,30 Nov 2021,2021 census result[212],
Andorra,"89,752",0.001%,30 Jun 2026,Monthly national estimate[213],
Cayman Islands(UK),"88,833",0.001%,31 Dec 2024,National annual projection[214],
U.S. Virgin Islands(US),"87,146",0.001%,1 Apr 2020,2020 census result[215],
Isle of Man(UK),"84,975",0.001%,1 Apr 2025,Official estimate[216],
Micronesia,"75,817",0.0009%,12 Feb 2023,2023 Census[217],
Dominica,"65,514",0.0008%,2026,Official estimate[218],
Guernsey(UK),"64,781",0.0008%,31 Dec 2023,National quarterly estimate[219],
Bermuda(UK),"64,055",0.0008%,1 Jul 2021,National annual projection[220],
Greenland(Denmark),"56,740",0.0007%,1 Jan 2026,National quarterly estimate[221],
South Ossetia,"56,520",0.0007%,31 Dec 2021,Official estimate[222],[ag]
Faroe Islands(Denmark),"55,505",0.0007%,1 Jul 2026,Monthly national estimate[223],
Turks and Caicos Islands(UK),"52,299",0.0006%,1 Jul 2025,Official estimate[224],
Saint Kitts and Nevis,"51,320",0.0006%,2022,2022 census result[225],
American Samoa(US),"49,710",0.0006%,1 Apr 2020,2020 census result[226],
Northern Mariana Islands(US),"47,329",0.0006%,1 Apr 2020,2020 census result[227],
Marshall Islands,"42,418",0.0005%,30 Sep 2021,2021 Census[228],
Sint Maarten(Netherlands),"41,349",0.0005%,1 Jan 2025,Official estimate[229],
Liechtenstein,"41,237",0.0005%,31 Dec 2025,National estimate[230],
British Virgin Islands(UK),"39,471",0.0005%,1 Jul 2024,UN projection[3],
Monaco,"38,857",0.0005%,31 Dec 2025,Census[231],
Gibraltar(UK),"38,196",0.0005%,14 Nov 2022,Preliminary census results[232],
San Marino,"34,167",0.0004%,30 Jun 2026,Monthly national estimate[233],
Saint Martin(France),"31,496",0.0004%,1 Jan 2025,Official estimate[234],
Palau,"16,733",0.0002%,1 Jul 2021,2021 Census[235],
Anguilla(UK),"16,010",0.0002%,31 Dec 2024,Official estimate[236],
Cook Islands(New Zealand),"15,040",0.0002%,1 Jul 2021,2021 Census[237],
Nauru,"11,680",0.0001%,30 Oct 2021,2021 Census[238],
Wallis and Futuna(France),"11,620",0.0001%,24 Jul 2023,2023 Census[239],
Tuvalu,"10,643",0.0001%,12 Dec 2022,2022 Census[240],
Saint Barthélemy(France),"10,562",0.0001%,1 Jan 2025,Official estimate[234],
Saint Pierre and Miquelon(France),"5,819",0%,1 Jan 2025,Official estimate[234],
"Saint Helena, Ascension and Tristan da Cunha(UK)","5,651",0%,1 Jul 2021,2021 Census[241][242][243],
Montserrat(UK),"4,386",0%,23 Sep 2023,2023 census result[244],
Falkland Islands(UK),"3,662",0%,10 Oct 2021,2021 census result[245],
Tokelau(New Zealand),"2,608",0%,1 Jan 2025,2025 Census[246],
Norfolk Island(Australia),"2,188",0%,1 Jan 2021,2021 Census[247],
Christmas Island(Australia),"1,692",0%,1 Jan 2021,2021 Census[248],
Niue(New Zealand),"1,681",0%,11 Nov 2022,2022 Census[249],
Vatican City,882,0%,31 Dec 2024,Official figure[250],[ah]
Cocos (Keeling) Islands(Australia),593,0%,30 Jun 2020,2021 Census[251],
Pitcairn Islands(UK),40,0%,1 Jul 2023,Official estimate[252],
vteLists of countriesbypopulation statistics,,,,,
Global,Current populationUnited NationsDemographics of the world,,,,
Continents/subregions,AfricaAntarcticaAsiaEuropeNorth AmericaCaribbeanOceaniaSouth America,,,,
Intercontinental,AmericasArab worldCommonwealth of NationsEurasiaEuropean UnionIslandsLatin AmericaMiddle East,,,,
Cities/urban areas,World citiesNational capitalsMegacitiesMegalopolises,,,,
Past and future,Past and future populationEstimates of historical world populationHuman population projections110001500160017001800190019391989200020052010201520202025Population milestones,,,,
Population density,Current densityPast and future population densityPerson-to-arable land ratio,,,,
Growth indicators,Population growth rateNatural increaseNet reproduction rateNumber of birthsNumber of deathsBirth rateMortality rateFertility ratePast fertility rate,,,,
Life expectancy,WorldAfricaAsiaEuropeNorth AmericaOceaniaSouth Americaworld regionspast life expectancy,,,,
Otherdemographics,Age at childbearingAge at first marriageAge structureDependency ratioDivorce rateEthnic and cultural diversity levelEthnic compositionImmigrant populationLinguistic diversityMedian ageNet migration rateNumber of householdsReligion/IrreligionSex ratioUrban populationUrbanization,,,,
Health,Antidepressant consumptionAntiviral medications for pandemic influenzaHIV/AIDS adult prevalence rateInfant and under-five mortality ratesMaternal mortality rateObesity ratePercentage suffering from undernourishmentHealth expenditure by country by type of financingSuicide rateTotal health expenditure per capitaHealth spending as% of GDPBody mass index(BMI),,,,
Education and innovation,Bloomberg Innovation IndexEducation IndexGlobal Innovation IndexInternational Innovation IndexLiteracy rateProgramme for the International Assessment of Adult CompetenciesProgramme for International Student Assessment(PISA)Progress in International Reading Literacy Study(PIRLS)Trends in International Mathematics and Science Study(TIMSS)Tertiary education attainmentWorld Intellectual Property Indicators,,,,
Economic,Access to financial servicesDevelopment aid donorsOfficial Development Assistance receivedEmployment rateIrrigated land areaHuman Development Indexby countryinequality-adjustedplanetary pressures–adjusted HDIHuman Poverty IndexImportsExportsIncome inequalityLabour forceShare of income of top 1%Number of millionaires (US dollars)Number of billionaires (US dollars)Percentage living in povertyPublic sectorUnemployment rateWealth inequality,,,,
List of international rankingsLists by country,,,,,
vteWorld,,,,,
AfghanistanAlbaniaAlgeriaAndorraAngolaAntigua and BarbudaArgentinaArmeniaAustraliaAustriaAzerbaijanBahamasBahrainBangladeshBarbadosBelarusBelgiumBelizeBeninBhutanBoliviaBosnia and HerzegovinaBotswanaBrazilBruneiBulgariaBurkina FasoBurundiCambodiaCameroonCanadaCape VerdeCentral African RepublicChadChileChinaColombiaComorosCosta RicaCroatiaCubaCyprusCzech RepublicDemocratic Republic of the CongoDenmarkDjiboutiDominicaDominican RepublicEcuadorEgyptEl SalvadorEquatorial GuineaEritreaEstoniaEswatiniEthiopiaFederated States of MicronesiaFijiFinlandFranceGabonGambiaGeorgiaGermanyGhanaGreeceGrenadaGuatemalaGuineaGuinea-BissauGuyanaHaitiHondurasHungaryIcelandIndiaIndonesiaIranIraqIrelandIsraelItalyIvory CoastJamaicaJapanJordanKazakhstanKenyaKiribatiKosovoKuwaitKyrgyzstanLaosLatviaLebanonLesothoLiberiaLibyaLiechtensteinLithuaniaLuxembourgMadagascarMalawiMalaysiaMaldivesMaliMaltaMarshall IslandsMauritaniaMauritiusMexicoMoldovaMonacoMongoliaMontenegroMoroccoMozambiqueMyanmarNamibiaNauruNepalNetherlandsNew ZealandNicaraguaNigerNigeriaNorth KoreaNorth MacedoniaNorwayOmanPakistanPalauPalestinePanamaPapua New GuineaParaguayPeruPhilippinesPolandPortugalQatarRepublic of the CongoRomaniaRussiaRwandaSaint Kitts and NevisSaint LuciaSaint Vincent and the GrenadinesSamoaSan MarinoSaudi ArabiaSenegalSerbiaSeychellesSierra LeoneSingaporeSlovakiaSloveniaSolomon IslandsSomaliaSouth AfricaSouth KoreaSouth SudanSpainSri LankaSudanSurinameSwedenSwitzerlandSyriaSão Tomé and PríncipeTaiwanTajikistanTanzaniaThailandTimor-LesteTogoTongaTrinidad and TobagoTunisiaTurkeyTurkmenistanTuvaluUgandaUkraineUnited Arab EmiratesUnited KingdomUnited StatesUruguayUzbekistanVanuatuVatican CityVenezuelaVietnamWestern SaharaYemenZambiaZimbabwe,,,,,
